"Timestamp","Dissolved Oxygen (mg/L)","Temperature (C)","Comment","Site","Folder","Unit ID"
"8/10/2018 16:11:20","6.8","17.4","","","","14A100509"
"8/10/2018 16:11:25","6.86","17.4","","","","14A100509"
"8/10/2018 16:11:30","6.85","17.4","","","","14A100509"
"8/10/2018 16:11:35","7.02","17.4","","","","14A100509"
"8/10/2018 16:11:40","6.91","17.4","","","","14A100509"
"8/10/2018 16:11:45","6.96","17.4","","","","14A100509"
"8/10/2018 16:11:50","6.88","17.4","","","","14A100509"
"8/10/2018 16:11:55","6.91","17.4","","","","14A100509"
"8/10/2018 16:12:00","6.88","17.4","","","","14A100509"
"8/10/2018 16:12:05","6.92","17.4","","","","14A100509"
"8/10/2018 16:12:11","6.89","17.5","","","","14A100509"
"8/10/2018 16:12:16","6.82","17.5","","","","14A100509"
"8/10/2018 16:12:21","6.99","17.5","","","","14A100509"
"8/10/2018 16:12:26","6.82","17.5","","","","14A100509"
"8/10/2018 16:12:31","6.87","17.5","","","","14A100509"
"8/10/2018 16:12:36","6.83","17.5","","","","14A100509"
"8/10/2018 16:12:41","6.89","17.5","","","","14A100509"
"8/10/2018 16:12:46","6.83","17.5","","","","14A100509"
"8/10/2018 16:12:51","6.96","17.5","","","","14A100509"
"8/10/2018 16:12:56","6.84","17.5","","","","14A100509"
"8/10/2018 16:13:01","6.92","17.5","","","","14A100509"
"8/10/2018 16:13:06","6.88","17.5","","","","14A100509"
"8/10/2018 16:13:11","6.87","17.5","","","","14A100509"
"8/10/2018 16:13:16","6.91","17.5","","","","14A100509"
"8/10/2018 16:13:21","6.88","17.5","","","","14A100509"
"8/10/2018 16:13:26","6.93","17.5","","","","14A100509"
"8/10/2018 16:13:31","6.85","17.5","","","","14A100509"
"8/10/2018 16:13:36","6.82","17.5","","","","14A100509"
"8/10/2018 16:13:41","6.82","17.5","","","","14A100509"
"8/10/2018 16:13:46","6.79","17.5","","","","14A100509"
"8/10/2018 16:13:51","6.84","17.5","","","","14A100509"
"8/10/2018 16:13:56","6.89","17.6","","","","14A100509"
"8/10/2018 16:14:01","6.89","17.6","","","","14A100509"
"8/10/2018 16:14:06","6.81","17.6","","","","14A100509"
"8/10/2018 16:14:11","6.89","17.6","","","","14A100509"
"8/10/2018 16:14:16","6.91","17.6","","","","14A100509"
"8/10/2018 16:14:21","6.76","17.6","","","","14A100509"
"8/10/2018 16:14:26","6.86","17.6","","","","14A100509"
"8/10/2018 16:14:31","6.95","17.6","","","","14A100509"
"8/10/2018 16:14:36","6.88","17.6","","","","14A100509"
"8/10/2018 16:14:41","6.85","17.6","","","","14A100509"
"8/10/2018 16:14:46","6.94","17.6","","","","14A100509"
"8/10/2018 16:14:51","6.91","17.6","","","","14A100509"
"8/10/2018 16:14:56","6.8","17.6","","","","14A100509"
"8/10/2018 16:15:01","6.79","17.6","","","","14A100509"
"8/10/2018 16:15:07","6.9","17.6","","","","14A100509"
"8/10/2018 16:15:12","6.76","17.6","","","","14A100509"
"8/10/2018 16:15:17","6.86","17.6","","","","14A100509"
"8/10/2018 16:15:22","6.85","17.6","","","","14A100509"
"8/10/2018 16:15:27","6.83","17.6","","","","14A100509"
"8/10/2018 16:15:32","6.85","17.6","","","","14A100509"
"8/10/2018 16:15:37","6.81","17.6","","","","14A100509"
"8/10/2018 16:15:42","6.85","17.6","","","","14A100509"
"8/10/2018 16:15:47","6.84","17.6","","","","14A100509"
"8/10/2018 16:15:52","6.89","17.6","","","","14A100509"
"8/10/2018 16:15:57","6.94","17.6","","","","14A100509"
"8/10/2018 16:16:02","6.86","17.6","","","","14A100509"
"8/10/2018 16:16:07","6.85","17.6","","","","14A100509"
"8/10/2018 16:16:12","6.89","17.6","","","","14A100509"
"8/10/2018 16:16:17","6.94","17.6","","","","14A100509"
"8/10/2018 16:16:22","6.94","17.6","","","","14A100509"
"8/10/2018 16:16:27","6.87","17.6","","","","14A100509"
"8/10/2018 16:16:32","6.89","17.6","","","","14A100509"
"8/10/2018 16:16:37","6.83","17.6","","","","14A100509"
"8/10/2018 16:16:42","6.85","17.6","","","","14A100509"
"8/10/2018 16:16:47","6.9","17.7","","","","14A100509"
"8/10/2018 16:16:52","6.82","17.7","","","","14A100509"
"8/10/2018 16:16:57","6.88","17.7","","","","14A100509"
"8/10/2018 16:17:02","6.84","17.7","","","","14A100509"
"8/10/2018 16:17:07","6.85","17.7","","","","14A100509"
"8/10/2018 16:17:12","6.77","17.7","","","","14A100509"
"8/10/2018 16:17:17","6.88","17.7","","","","14A100509"
"8/10/2018 16:17:22","6.74","17.7","","","","14A100509"
"8/10/2018 16:17:27","6.73","17.7","","","","14A100509"
"8/10/2018 16:17:33","6.81","17.7","","","","14A100509"
"8/10/2018 16:17:38","6.77","17.7","","","","14A100509"
"8/10/2018 16:17:43","6.89","17.7","","","","14A100509"
"8/10/2018 16:17:48","6.82","17.7","","","","14A100509"
"8/10/2018 16:17:53","6.85","17.7","","","","14A100509"
"8/10/2018 16:17:58","6.87","17.7","","","","14A100509"
"8/10/2018 16:18:03","6.74","17.7","","","","14A100509"
"8/10/2018 16:18:08","6.84","17.7","","","","14A100509"
"8/10/2018 16:18:13","6.85","17.7","","","","14A100509"
"8/10/2018 16:18:18","6.84","17.7","","","","14A100509"
"8/10/2018 16:18:23","6.82","17.7","","","","14A100509"
"8/10/2018 16:18:28","6.81","17.7","","","","14A100509"
"8/10/2018 16:18:33","6.81","17.7","","","","14A100509"
"8/10/2018 16:18:38","6.85","17.7","","","","14A100509"
"8/10/2018 16:18:43","6.88","17.7","","","","14A100509"
"8/10/2018 16:18:48","6.76","17.7","","","","14A100509"
"8/10/2018 16:18:53","6.84","17.7","","","","14A100509"
"8/10/2018 16:18:58","6.8","17.7","","","","14A100509"
"8/10/2018 16:19:03","6.87","17.7","","","","14A100509"
"8/10/2018 16:19:08","6.83","17.7","","","","14A100509"
"8/10/2018 16:19:13","6.83","17.7","","","","14A100509"
"8/10/2018 16:19:18","6.87","17.7","","","","14A100509"
"8/10/2018 16:19:23","6.82","17.7","","","","14A100509"
"8/10/2018 16:19:28","6.81","17.7","","","","14A100509"
"8/10/2018 16:19:33","6.81","17.7","","","","14A100509"
"8/10/2018 16:19:38","6.79","17.7","","","","14A100509"
"8/10/2018 16:19:43","6.84","17.7","","","","14A100509"
"8/10/2018 16:19:48","6.85","17.7","","","","14A100509"
"8/10/2018 16:19:53","6.82","17.7","","","","14A100509"
"8/10/2018 16:19:58","6.74","17.7","","","","14A100509"
"8/10/2018 16:20:03","6.86","17.7","","","","14A100509"
"8/10/2018 16:20:08","6.82","17.7","","","","14A100509"
"8/10/2018 16:20:13","6.84","17.7","","","","14A100509"
"8/10/2018 16:20:18","6.95","17.7","","","","14A100509"
"8/10/2018 16:20:23","6.81","17.7","","","","14A100509"
"8/10/2018 16:20:29","6.76","17.7","","","","14A100509"
"8/10/2018 16:20:34","6.8","17.7","","","","14A100509"
"8/10/2018 16:20:39","6.88","17.7","","","","14A100509"
"8/10/2018 16:20:44","6.8","17.7","","","","14A100509"
"8/10/2018 16:20:49","6.86","17.7","","","","14A100509"
"8/10/2018 16:20:54","6.81","17.7","","","","14A100509"
"8/10/2018 16:20:59","6.8","17.7","","","","14A100509"
"8/10/2018 16:21:04","6.76","17.7","","","","14A100509"
"8/10/2018 16:21:09","6.89","17.7","","","","14A100509"
"8/10/2018 16:21:14","6.85","17.7","","","","14A100509"
"8/10/2018 16:21:19","6.82","17.7","","","","14A100509"
"8/10/2018 16:21:24","6.78","17.7","","","","14A100509"
"8/10/2018 16:21:29","6.8","17.7","","","","14A100509"
"8/10/2018 16:21:34","6.82","17.7","","","","14A100509"
"8/10/2018 16:21:39","6.84","17.7","","","","14A100509"
"8/10/2018 16:21:44","6.8","17.7","","","","14A100509"
"8/10/2018 16:21:49","6.83","17.7","","","","14A100509"
"8/10/2018 16:21:54","6.77","17.7","","","","14A100509"
"8/10/2018 16:21:59","6.82","17.7","","","","14A100509"
"8/10/2018 16:22:04","6.78","17.7","","","","14A100509"
"8/10/2018 16:22:09","6.8","17.7","","","","14A100509"
"8/10/2018 16:22:14","6.83","17.7","","","","14A100509"
"8/10/2018 16:22:19","6.81","17.7","","","","14A100509"
"8/10/2018 16:22:24","6.85","17.7","","","","14A100509"
"8/10/2018 16:22:29","6.82","17.7","","","","14A100509"
"8/10/2018 16:22:34","6.77","17.7","","","","14A100509"
"8/10/2018 16:22:39","6.84","17.7","","","","14A100509"
"8/10/2018 16:22:44","6.82","17.7","","","","14A100509"
"8/10/2018 16:22:49","6.82","17.7","","","","14A100509"
"8/10/2018 16:22:54","6.81","17.7","","","","14A100509"
"8/10/2018 16:22:59","6.81","17.7","","","","14A100509"
"8/10/2018 16:23:04","6.82","17.7","","","","14A100509"
"8/10/2018 16:23:09","6.79","17.7","","","","14A100509"
"8/10/2018 16:23:15","6.87","17.7","","","","14A100509"
"8/10/2018 16:23:20","6.8","17.7","","","","14A100509"
"8/10/2018 16:23:25","6.78","17.7","","","","14A100509"
"8/10/2018 16:23:30","6.81","17.7","","","","14A100509"
"8/10/2018 16:23:35","6.8","17.7","","","","14A100509"
"8/10/2018 16:23:40","6.86","17.7","","","","14A100509"
"8/10/2018 16:23:45","6.81","17.7","","","","14A100509"
"8/10/2018 16:23:50","6.82","17.8","","","","14A100509"
"8/10/2018 16:23:55","6.8","17.8","","","","14A100509"
"8/10/2018 16:24:00","6.75","17.8","","","","14A100509"
"8/10/2018 16:24:05","6.8","17.8","","","","14A100509"
"8/10/2018 16:24:10","6.79","17.8","","","","14A100509"
"8/10/2018 16:24:15","6.82","17.8","","","","14A100509"
"8/10/2018 16:24:20","6.8","17.8","","","","14A100509"
"8/10/2018 16:24:25","6.79","17.8","","","","14A100509"
"8/10/2018 16:24:30","6.75","17.8","","","","14A100509"
"8/10/2018 16:24:35","6.81","17.8","","","","14A100509"
"8/10/2018 16:24:40","6.83","17.8","","","","14A100509"
"8/10/2018 16:24:45","6.81","17.8","","","","14A100509"
"8/10/2018 16:24:50","6.81","17.8","","","","14A100509"
"8/10/2018 16:24:55","6.86","17.8","","","","14A100509"
"8/10/2018 16:25:00","6.83","17.8","","","","14A100509"
"8/10/2018 16:25:05","6.82","17.8","","","","14A100509"
"8/10/2018 16:25:10","6.85","17.8","","","","14A100509"
"8/10/2018 16:25:15","6.85","17.8","","","","14A100509"
"8/10/2018 16:25:20","6.81","17.8","","","","14A100509"
"8/10/2018 16:25:25","6.81","17.8","","","","14A100509"
"8/10/2018 16:25:30","6.83","17.8","","","","14A100509"
"8/10/2018 16:25:35","6.81","17.8","","","","14A100509"
"8/10/2018 16:25:40","6.88","17.8","","","","14A100509"
"8/10/2018 16:25:45","6.84","17.8","","","","14A100509"
"8/10/2018 16:25:50","6.86","17.8","","","","14A100509"
"8/10/2018 16:25:55","6.78","17.8","","","","14A100509"
"8/10/2018 16:26:00","6.82","17.8","","","","14A100509"
"8/10/2018 16:26:05","6.86","17.8","","","","14A100509"
"8/10/2018 16:26:10","6.86","17.8","","","","14A100509"
"8/10/2018 16:26:15","6.82","17.8","","","","14A100509"
"8/10/2018 16:26:20","6.85","17.8","","","","14A100509"
"8/10/2018 16:26:26","6.85","17.8","","","","14A100509"
"8/10/2018 16:26:31","6.81","17.8","","","","14A100509"
"8/10/2018 16:26:36","6.79","17.8","","","","14A100509"
"8/10/2018 16:26:41","6.85","17.8","","","","14A100509"
"8/10/2018 16:26:46","6.81","17.8","","","","14A100509"
"8/10/2018 16:26:51","6.87","17.8","","","","14A100509"
"8/10/2018 16:26:56","6.84","17.8","","","","14A100509"
"8/10/2018 16:27:01","6.87","17.8","","","","14A100509"
"8/10/2018 16:27:06","6.81","17.8","","","","14A100509"
"8/10/2018 16:27:11","6.86","17.8","","","","14A100509"
"8/10/2018 16:27:16","6.79","17.8","","","","14A100509"
"8/10/2018 16:27:21","6.87","17.8","","","","14A100509"
"8/10/2018 16:27:26","6.86","17.8","","","","14A100509"
"8/10/2018 16:27:31","6.82","17.8","","","","14A100509"
"8/10/2018 16:27:36","6.91","17.8","","","","14A100509"
"8/10/2018 16:27:41","6.87","17.8","","","","14A100509"
"8/10/2018 16:27:46","6.84","17.8","","","","14A100509"
"8/10/2018 16:27:51","6.78","17.8","","","","14A100509"
"8/10/2018 16:27:56","6.86","17.8","","","","14A100509"
"8/10/2018 16:28:01","6.86","17.8","","","","14A100509"
"8/10/2018 16:28:06","6.83","17.8","","","","14A100509"
"8/10/2018 16:28:11","6.89","17.8","","","","14A100509"
"8/10/2018 16:28:16","6.91","17.8","","","","14A100509"
"8/10/2018 16:28:21","6.87","17.8","","","","14A100509"
"8/10/2018 16:28:26","6.87","17.8","","","","14A100509"
"8/10/2018 16:28:31","6.81","17.8","","","","14A100509"
"8/10/2018 16:28:36","6.92","17.8","","","","14A100509"
"8/10/2018 16:28:41","6.84","17.8","","","","14A100509"
"8/10/2018 16:28:46","6.82","17.8","","","","14A100509"
"8/10/2018 16:28:51","6.86","17.8","","","","14A100509"
"8/10/2018 16:28:56","6.82","17.8","","","","14A100509"
"8/10/2018 16:29:01","6.89","17.8","","","","14A100509"
"8/10/2018 16:29:06","6.84","17.8","","","","14A100509"
"8/10/2018 16:29:12","6.86","17.8","","","","14A100509"
"8/10/2018 16:29:17","6.91","17.8","","","","14A100509"
"8/10/2018 16:29:22","6.89","17.8","","","","14A100509"
"8/10/2018 16:29:27","6.81","17.8","","","","14A100509"
"8/10/2018 16:29:32","6.87","17.8","","","","14A100509"
"8/10/2018 16:29:37","6.89","17.8","","","","14A100509"
"8/10/2018 16:29:42","6.89","17.8","","","","14A100509"
"8/10/2018 16:29:47","6.84","17.8","","","","14A100509"
"8/10/2018 16:29:52","6.86","17.8","","","","14A100509"
"8/10/2018 16:29:57","6.84","17.8","","","","14A100509"
"8/10/2018 16:30:02","6.9","17.8","","","","14A100509"
"8/10/2018 16:30:07","6.88","17.8","","","","14A100509"
"8/10/2018 16:30:12","6.88","17.8","","","","14A100509"
"8/10/2018 16:30:17","6.9","17.8","","","","14A100509"
"8/10/2018 16:30:22","6.9","17.8","","","","14A100509"
"8/10/2018 16:30:27","6.89","17.8","","","","14A100509"
"8/10/2018 16:30:32","6.9","17.8","","","","14A100509"
"8/10/2018 16:30:37","6.97","17.8","","","","14A100509"
"8/10/2018 16:30:42","6.86","17.8","","","","14A100509"
"8/10/2018 16:30:47","6.88","17.8","","","","14A100509"
"8/10/2018 16:30:52","6.95","17.8","","","","14A100509"
"8/10/2018 16:30:57","6.86","17.8","","","","14A100509"
"8/10/2018 16:31:02","6.89","17.8","","","","14A100509"
"8/10/2018 16:31:07","6.94","17.8","","","","14A100509"
"8/10/2018 16:31:12","6.88","17.8","","","","14A100509"
"8/10/2018 16:31:17","6.87","17.8","","","","14A100509"
"8/10/2018 16:31:22","6.93","17.8","","","","14A100509"
"8/10/2018 16:31:27","6.95","17.8","","","","14A100509"
"8/10/2018 16:31:32","6.91","17.8","","","","14A100509"
"8/10/2018 16:31:37","6.95","17.8","","","","14A100509"
"8/10/2018 16:31:42","6.99","17.8","","","","14A100509"
"8/10/2018 16:31:47","6.86","17.8","","","","14A100509"
"8/10/2018 16:31:52","6.83","17.8","","","","14A100509"
"8/10/2018 16:31:57","6.87","17.8","","","","14A100509"
"8/10/2018 16:32:02","6.95","17.8","","","","14A100509"
"8/10/2018 16:32:07","6.87","17.8","","","","14A100509"
"8/10/2018 16:32:12","6.9","17.8","","","","14A100509"
"8/10/2018 16:32:17","6.86","17.8","","","","14A100509"
"8/10/2018 16:32:22","6.86","17.8","","","","14A100509"
"8/10/2018 16:32:27","6.9","17.8","","","","14A100509"
"8/10/2018 16:32:32","6.96","17.8","","","","14A100509"
"8/10/2018 16:32:38","6.95","17.8","","","","14A100509"
"8/10/2018 16:32:43","6.91","17.8","","","","14A100509"
"8/10/2018 16:32:48","6.99","17.8","","","","14A100509"
"8/10/2018 16:32:53","6.93","17.8","","","","14A100509"
"8/10/2018 16:32:58","6.95","17.8","","","","14A100509"
"8/10/2018 16:33:03","6.92","17.8","","","","14A100509"
"8/10/2018 16:33:08","6.9","17.8","","","","14A100509"
"8/10/2018 16:33:13","6.93","17.8","","","","14A100509"
"8/10/2018 16:33:18","6.97","17.8","","","","14A100509"
"8/10/2018 16:33:23","7.01","17.8","","","","14A100509"
"8/10/2018 16:33:28","6.94","17.8","","","","14A100509"
"8/10/2018 16:33:33","7","17.8","","","","14A100509"
"8/10/2018 16:33:38","6.92","17.8","","","","14A100509"
"8/10/2018 16:33:43","6.89","17.8","","","","14A100509"
"8/10/2018 16:33:48","6.96","17.8","","","","14A100509"
"8/10/2018 16:33:53","6.92","17.8","","","","14A100509"
"8/10/2018 16:33:58","6.94","17.8","","","","14A100509"
"8/10/2018 16:34:03","6.94","17.8","","","","14A100509"
"8/10/2018 16:34:08","6.89","17.8","","","","14A100509"
"8/10/2018 16:34:13","6.99","17.8","","","","14A100509"
"8/10/2018 16:34:18","6.98","17.8","","","","14A100509"
"8/10/2018 16:34:23","6.9","17.8","","","","14A100509"
"8/10/2018 16:34:28","6.91","17.8","","","","14A100509"
"8/10/2018 16:34:33","7.06","17.8","","","","14A100509"
"8/10/2018 16:34:38","6.96","17.8","","","","14A100509"
"8/10/2018 16:34:43","7","17.8","","","","14A100509"
"8/10/2018 16:34:48","6.89","17.8","","","","14A100509"
"8/10/2018 16:34:53","6.97","17.8","","","","14A100509"
"8/10/2018 16:34:58","7.03","17.8","","","","14A100509"
"8/10/2018 16:35:03","6.94","17.8","","","","14A100509"
"8/10/2018 16:35:08","6.95","17.8","","","","14A100509"
"8/10/2018 16:35:13","6.97","17.8","","","","14A100509"
"8/10/2018 16:35:18","6.91","17.8","","","","14A100509"
"8/10/2018 16:35:24","6.92","17.8","","","","14A100509"
"8/10/2018 16:35:29","7.05","17.8","","","","14A100509"
"8/10/2018 16:35:34","7","17.8","","","","14A100509"
"8/10/2018 16:35:39","6.99","17.8","","","","14A100509"
"8/10/2018 16:35:44","6.95","17.8","","","","14A100509"
"8/10/2018 16:35:49","6.91","17.8","","","","14A100509"
"8/10/2018 16:35:54","6.94","17.8","","","","14A100509"
"8/10/2018 16:35:59","7.06","17.8","","","","14A100509"
"8/10/2018 16:36:04","6.87","17.8","","","","14A100509"
"8/10/2018 16:36:09","6.88","17.8","","","","14A100509"
"8/10/2018 16:36:14","7.01","17.8","","","","14A100509"
"8/10/2018 16:36:19","6.97","17.8","","","","14A100509"
"8/10/2018 16:36:24","6.99","17.8","","","","14A100509"
"8/10/2018 16:36:29","6.94","17.8","","","","14A100509"
"8/10/2018 16:36:34","6.91","17.8","","","","14A100509"
"8/10/2018 16:36:39","6.92","17.8","","","","14A100509"
"8/10/2018 16:36:44","6.99","17.8","","","","14A100509"
"8/10/2018 16:36:49","6.96","17.8","","","","14A100509"
"8/10/2018 16:36:54","6.97","17.8","","","","14A100509"
"8/10/2018 16:36:59","6.96","17.8","","","","14A100509"
"8/10/2018 16:37:04","6.98","17.8","","","","14A100509"
"8/10/2018 16:37:09","7","17.8","","","","14A100509"
"8/10/2018 16:37:14","6.93","17.8","","","","14A100509"
"8/10/2018 16:37:19","6.95","17.8","","","","14A100509"
"8/10/2018 16:37:24","6.92","17.8","","","","14A100509"
"8/10/2018 16:37:29","7.01","17.8","","","","14A100509"
"8/10/2018 16:37:34","6.98","17.8","","","","14A100509"
"8/10/2018 16:37:39","6.97","17.8","","","","14A100509"
"8/10/2018 16:37:44","6.99","17.8","","","","14A100509"
"8/10/2018 16:37:49","7.02","17.8","","","","14A100509"
"8/10/2018 16:37:54","6.92","17.8","","","","14A100509"
"8/10/2018 16:37:59","6.95","17.8","","","","14A100509"
"8/10/2018 16:38:04","6.94","17.8","","","","14A100509"
"8/10/2018 16:38:09","7.01","17.8","","","","14A100509"
"8/10/2018 16:38:14","6.96","17.8","","","","14A100509"
"8/10/2018 16:38:19","6.98","17.8","","","","14A100509"
"8/10/2018 16:38:25","6.94","17.8","","","","14A100509"
"8/10/2018 16:38:30","6.98","17.8","","","","14A100509"
"8/10/2018 16:38:35","6.98","17.8","","","","14A100509"
"8/10/2018 16:38:40","6.98","17.8","","","","14A100509"
"8/10/2018 16:38:45","6.98","17.8","","","","14A100509"
"8/10/2018 16:38:50","6.93","17.8","","","","14A100509"
"8/10/2018 16:38:55","6.96","17.8","","","","14A100509"
"8/10/2018 16:39:00","6.95","17.8","","","","14A100509"
"8/10/2018 16:39:05","7.01","17.8","","","","14A100509"
"8/10/2018 16:39:10","7.02","17.8","","","","14A100509"
"8/10/2018 16:39:15","6.99","17.8","","","","14A100509"
"8/10/2018 16:39:20","6.98","17.8","","","","14A100509"
"8/10/2018 16:39:25","7.02","17.8","","","","14A100509"
"8/10/2018 16:39:30","6.97","17.8","","","","14A100509"
"8/10/2018 16:39:35","7","17.8","","","","14A100509"
"8/10/2018 16:39:40","7","17.8","","","","14A100509"
"8/10/2018 16:39:45","6.98","17.8","","","","14A100509"
"8/10/2018 16:39:50","6.92","17.8","","","","14A100509"
"8/10/2018 16:39:55","6.99","17.8","","","","14A100509"
"8/10/2018 16:40:00","6.96","17.8","","","","14A100509"
"8/10/2018 16:40:05","6.93","17.8","","","","14A100509"
"8/10/2018 16:40:10","7","17.8","","","","14A100509"
"8/10/2018 16:40:15","6.98","17.8","","","","14A100509"
"8/10/2018 16:40:20","7.02","17.8","","","","14A100509"
"8/10/2018 16:40:25","6.97","17.8","","","","14A100509"
"8/10/2018 16:40:30","6.98","17.8","","","","14A100509"
"8/10/2018 16:40:35","6.99","17.8","","","","14A100509"
"8/10/2018 16:40:40","6.96","17.8","","","","14A100509"
"8/10/2018 16:40:45","6.97","17.8","","","","14A100509"
"8/10/2018 16:40:50","6.93","17.8","","","","14A100509"
"8/10/2018 16:40:55","7.02","17.8","","","","14A100509"
"8/10/2018 16:41:00","6.95","17.8","","","","14A100509"
"8/10/2018 16:41:05","6.95","17.8","","","","14A100509"
"8/10/2018 16:41:10","6.98","17.8","","","","14A100509"
"8/10/2018 16:41:15","6.97","17.8","","","","14A100509"
"8/10/2018 16:41:20","6.97","17.8","","","","14A100509"
"8/10/2018 16:41:26","6.99","17.8","","","","14A100509"
"8/10/2018 16:41:31","6.98","17.8","","","","14A100509"
"8/10/2018 16:41:36","6.95","17.8","","","","14A100509"
"8/10/2018 16:41:41","6.93","17.8","","","","14A100509"
"8/10/2018 16:41:46","7.03","17.8","","","","14A100509"
"8/10/2018 16:41:51","6.96","17.8","","","","14A100509"
"8/10/2018 16:41:56","6.94","17.8","","","","14A100509"
"8/10/2018 16:42:01","7.02","17.8","","","","14A100509"
"8/10/2018 16:42:06","6.98","17.8","","","","14A100509"
"8/10/2018 16:42:11","6.97","17.8","","","","14A100509"
"8/10/2018 16:42:16","7.02","17.8","","","","14A100509"
"8/10/2018 16:42:21","7","17.8","","","","14A100509"
"8/10/2018 16:42:26","6.98","17.8","","","","14A100509"
"8/10/2018 16:42:31","7.01","17.8","","","","14A100509"
"8/10/2018 16:42:36","6.99","17.8","","","","14A100509"
"8/10/2018 16:42:41","7.05","17.8","","","","14A100509"
"8/10/2018 16:42:46","6.95","17.8","","","","14A100509"
"8/10/2018 16:42:51","7","17.8","","","","14A100509"
"8/10/2018 16:42:56","7","17.8","","","","14A100509"
"8/10/2018 16:43:01","7","17.8","","","","14A100509"
"8/10/2018 16:43:06","6.92","17.8","","","","14A100509"
"8/10/2018 16:43:11","6.99","17.8","","","","14A100509"
"8/10/2018 16:43:16","6.96","17.8","","","","14A100509"
"8/10/2018 16:43:21","6.98","17.8","","","","14A100509"
"8/10/2018 16:43:26","6.99","17.8","","","","14A100509"
"8/10/2018 16:43:31","7","17.8","","","","14A100509"
"8/10/2018 16:43:36","7.02","17.8","","","","14A100509"
"8/10/2018 16:43:41","6.97","17.8","","","","14A100509"
"8/10/2018 16:43:46","7.1","17.8","","","","14A100509"
"8/10/2018 16:43:51","7.04","17.8","","","","14A100509"
"8/10/2018 16:43:56","7.07","17.8","","","","14A100509"
"8/10/2018 16:44:01","6.96","17.8","","","","14A100509"
"8/10/2018 16:44:06","7.01","17.8","","","","14A100509"
"8/10/2018 16:44:11","7.01","17.8","","","","14A100509"
"8/10/2018 16:44:16","6.99","17.8","","","","14A100509"
"8/10/2018 16:44:21","7.06","17.8","","","","14A100509"
"8/10/2018 16:44:27","7.05","17.8","","","","14A100509"
"8/10/2018 16:44:32","6.97","17.8","","","","14A100509"
"8/10/2018 16:44:37","7","17.8","","","","14A100509"
"8/10/2018 16:44:42","6.99","17.8","","","","14A100509"
"8/10/2018 16:44:47","7.02","17.8","","","","14A100509"
"8/10/2018 16:44:52","6.95","17.8","","","","14A100509"
"8/10/2018 16:44:57","7","17.8","","","","14A100509"
"8/10/2018 16:45:02","7.08","17.8","","","","14A100509"
"8/10/2018 16:45:07","6.99","17.8","","","","14A100509"
"8/10/2018 16:45:12","7.02","17.8","","","","14A100509"
"8/10/2018 16:45:17","7.09","17.8","","","","14A100509"
"8/10/2018 16:45:22","7","17.8","","","","14A100509"
"8/10/2018 16:45:27","7.03","17.8","","","","14A100509"
"8/10/2018 16:45:32","7.04","17.8","","","","14A100509"
"8/10/2018 16:45:37","7.08","17.8","","","","14A100509"
"8/10/2018 16:45:42","6.99","17.8","","","","14A100509"
"8/10/2018 16:45:47","7.05","17.8","","","","14A100509"
"8/10/2018 16:45:52","7.05","17.8","","","","14A100509"
"8/10/2018 16:45:57","7.07","17.8","","","","14A100509"
"8/10/2018 16:46:02","7.14","17.8","","","","14A100509"
"8/10/2018 16:46:07","7.01","17.8","","","","14A100509"
"8/10/2018 16:46:12","7.04","17.8","","","","14A100509"
"8/10/2018 16:46:17","7.03","17.8","","","","14A100509"
"8/10/2018 16:46:22","7.01","17.8","","","","14A100509"
"8/10/2018 16:46:27","7.04","17.8","","","","14A100509"
"8/10/2018 16:46:32","7.02","17.8","","","","14A100509"
"8/10/2018 16:46:37","6.93","17.8","","","","14A100509"
"8/10/2018 16:46:42","7.02","17.8","","","","14A100509"
"8/10/2018 16:46:47","7.08","17.8","","","","14A100509"
"8/10/2018 16:46:52","7.04","17.8","","","","14A100509"
"8/10/2018 16:46:57","7.05","17.8","","","","14A100509"
"8/10/2018 16:47:02","6.99","17.8","","","","14A100509"
"8/10/2018 16:47:07","7.1","17.8","","","","14A100509"
"8/10/2018 16:47:12","7.1","17.8","","","","14A100509"
"8/10/2018 16:47:17","7.03","17.8","","","","14A100509"
"8/10/2018 16:47:22","7.07","17.8","","","","14A100509"
"8/10/2018 16:47:27","7.01","17.8","","","","14A100509"
"8/10/2018 16:47:32","7.05","17.8","","","","14A100509"
"8/10/2018 16:47:37","7.11","17.8","","","","14A100509"
"8/10/2018 16:47:42","7.04","17.8","","","","14A100509"
"8/10/2018 16:47:47","7.01","17.8","","","","14A100509"
"8/10/2018 16:47:52","7.06","17.8","","","","14A100509"
"8/10/2018 16:47:58","7.04","17.8","","","","14A100509"
"8/10/2018 16:48:03","7.13","17.8","","","","14A100509"
"8/10/2018 16:48:08","7.08","17.8","","","","14A100509"
"8/10/2018 16:48:13","7.08","17.8","","","","14A100509"
"8/10/2018 16:48:18","7.07","17.8","","","","14A100509"
"8/10/2018 16:48:23","7.05","17.8","","","","14A100509"
"8/10/2018 16:48:28","7.15","17.8","","","","14A100509"
"8/10/2018 16:48:33","7.08","17.8","","","","14A100509"
"8/10/2018 16:48:38","7.08","17.8","","","","14A100509"
"8/10/2018 16:48:43","7.04","17.8","","","","14A100509"
"8/10/2018 16:48:48","7.22","17.8","","","","14A100509"
"8/10/2018 16:48:53","7.13","17.8","","","","14A100509"
"8/10/2018 16:48:58","7.04","17.8","","","","14A100509"
"8/10/2018 16:49:03","7.09","17.8","","","","14A100509"
"8/10/2018 16:49:08","7.11","17.8","","","","14A100509"
"8/10/2018 16:49:13","7.11","17.8","","","","14A100509"
"8/10/2018 16:49:18","7.1","17.8","","","","14A100509"
"8/10/2018 16:49:23","7.09","17.8","","","","14A100509"
"8/10/2018 16:49:28","7.1","17.8","","","","14A100509"
"8/10/2018 16:49:33","7.13","17.8","","","","14A100509"
"8/10/2018 16:49:38","7.09","17.8","","","","14A100509"
"8/10/2018 16:49:43","7.14","17.8","","","","14A100509"
"8/10/2018 16:49:48","7.21","17.8","","","","14A100509"
"8/10/2018 16:49:53","7.12","17.8","","","","14A100509"
"8/10/2018 16:49:58","7.08","17.8","","","","14A100509"
"8/10/2018 16:50:03","7.07","17.8","","","","14A100509"
"8/10/2018 16:50:08","7.1","17.8","","","","14A100509"
"8/10/2018 16:50:13","7.13","17.8","","","","14A100509"
"8/10/2018 16:50:18","7.13","17.8","","","","14A100509"
"8/10/2018 16:50:23","7.12","17.8","","","","14A100509"
"8/10/2018 16:50:28","7.15","17.8","","","","14A100509"
"8/10/2018 16:50:33","7.13","17.8","","","","14A100509"
"8/10/2018 16:50:38","7.12","17.8","","","","14A100509"
"8/10/2018 16:50:43","7.1","17.8","","","","14A100509"
"8/10/2018 16:50:48","7.06","17.8","","","","14A100509"
"8/10/2018 16:50:54","7.1","17.8","","","","14A100509"
"8/10/2018 16:50:59","7.13","17.8","","","","14A100509"
"8/10/2018 16:51:04","7.13","17.8","","","","14A100509"
"8/10/2018 16:51:09","7.12","17.8","","","","14A100509"
"8/10/2018 16:51:14","7.13","17.8","","","","14A100509"
"8/10/2018 16:51:19","7.13","17.8","","","","14A100509"
"8/10/2018 16:51:24","7.15","17.8","","","","14A100509"
"8/10/2018 16:51:29","7.12","17.8","","","","14A100509"
"8/10/2018 16:51:34","7.14","17.8","","","","14A100509"
"8/10/2018 16:51:39","7.14","17.8","","","","14A100509"
"8/10/2018 16:51:44","7.13","17.8","","","","14A100509"
"8/10/2018 16:51:49","7.1","17.8","","","","14A100509"
"8/10/2018 16:51:54","7.09","17.8","","","","14A100509"
"8/10/2018 16:51:59","7.13","17.8","","","","14A100509"
"8/10/2018 16:52:04","7.13","17.8","","","","14A100509"
"8/10/2018 16:52:09","7.13","17.8","","","","14A100509"
"8/10/2018 16:52:14","7.11","17.8","","","","14A100509"
"8/10/2018 16:52:19","7.22","17.8","","","","14A100509"
"8/10/2018 16:52:24","7.2","17.8","","","","14A100509"
"8/10/2018 16:52:29","7.18","17.8","","","","14A100509"
"8/10/2018 16:52:34","7.15","17.8","","","","14A100509"
"8/10/2018 16:52:39","7.14","17.8","","","","14A100509"
"8/10/2018 16:52:44","7.15","17.8","","","","14A100509"
"8/10/2018 16:52:49","7.17","17.8","","","","14A100509"
"8/10/2018 16:52:54","7.13","17.8","","","","14A100509"
"8/10/2018 16:52:59","7.16","17.8","","","","14A100509"
"8/10/2018 16:53:04","7.16","17.8","","","","14A100509"
"8/10/2018 16:53:09","7.14","17.8","","","","14A100509"
"8/10/2018 16:53:14","7.2","17.8","","","","14A100509"
"8/10/2018 16:53:19","7.19","17.8","","","","14A100509"
"8/10/2018 16:53:24","7.12","17.8","","","","14A100509"
"8/10/2018 16:53:29","7.12","17.8","","","","14A100509"
"8/10/2018 16:53:34","7.21","17.8","","","","14A100509"
"8/10/2018 16:53:39","7.17","17.8","","","","14A100509"
"8/10/2018 16:53:44","7.22","17.8","","","","14A100509"
"8/10/2018 16:53:49","7.22","17.8","","","","14A100509"
"8/10/2018 16:53:55","7.2","17.8","","","","14A100509"
"8/10/2018 16:54:00","7.26","17.8","","","","14A100509"
"8/10/2018 16:54:05","7.21","17.8","","","","14A100509"
"8/10/2018 16:54:10","7.17","17.8","","","","14A100509"
"8/10/2018 16:54:15","7.14","17.8","","","","14A100509"
"8/10/2018 16:54:20","7.16","17.8","","","","14A100509"
"8/10/2018 16:54:25","7.18","17.8","","","","14A100509"
"8/10/2018 16:54:30","7.14","17.8","","","","14A100509"
"8/10/2018 16:54:35","7.21","17.8","","","","14A100509"
"8/10/2018 16:54:40","7.2","17.8","","","","14A100509"
"8/10/2018 16:54:45","7.25","17.8","","","","14A100509"
"8/10/2018 16:54:50","7.26","17.8","","","","14A100509"
"8/10/2018 16:54:55","7.23","17.8","","","","14A100509"
"8/10/2018 16:55:00","7.28","17.8","","","","14A100509"
"8/10/2018 16:55:05","7.22","17.8","","","","14A100509"
"8/10/2018 16:55:10","7.25","17.8","","","","14A100509"
"8/10/2018 16:55:15","7.28","17.8","","","","14A100509"
"8/10/2018 16:55:20","7.28","17.8","","","","14A100509"
"8/10/2018 16:55:25","7.25","17.8","","","","14A100509"
"8/10/2018 16:55:30","7.21","17.8","","","","14A100509"
"8/10/2018 16:55:35","7.27","17.8","","","","14A100509"
"8/10/2018 16:55:40","7.32","17.8","","","","14A100509"
"8/10/2018 16:55:45","7.25","17.8","","","","14A100509"
"8/10/2018 16:55:50","7.29","17.8","","","","14A100509"
"8/10/2018 16:55:55","7.25","17.8","","","","14A100509"
"8/10/2018 16:56:00","7.31","17.8","","","","14A100509"
"8/10/2018 16:56:06","7.39","17.8","","","","14A100509"
"8/10/2018 16:56:11","7.26","17.8","","","","14A100509"
"8/10/2018 16:56:16","7.28","17.8","","","","14A100509"
"8/10/2018 16:56:21","7.32","17.8","","","","14A100509"
"8/10/2018 16:56:26","7.34","17.8","","","","14A100509"
"8/10/2018 16:56:31","7.25","17.8","","","","14A100509"
"8/10/2018 16:56:36","7.34","17.8","","","","14A100509"
"8/10/2018 16:56:41","7.31","17.8","","","","14A100509"
"8/10/2018 16:56:46","7.34","17.8","","","","14A100509"
"8/10/2018 16:56:51","7.35","17.8","","","","14A100509"
"8/10/2018 16:56:56","7.3","17.8","","","","14A100509"
"8/10/2018 16:57:01","7.32","17.8","","","","14A100509"
"8/10/2018 16:57:06","7.34","17.8","","","","14A100509"
"8/10/2018 16:57:11","7.33","17.8","","","","14A100509"
"8/10/2018 16:57:16","7.36","17.8","","","","14A100509"
"8/10/2018 16:57:21","7.34","17.8","","","","14A100509"
"8/10/2018 16:57:26","7.3","17.8","","","","14A100509"
"8/10/2018 16:57:31","7.31","17.8","","","","14A100509"
"8/10/2018 16:57:36","7.36","17.8","","","","14A100509"
"8/10/2018 16:57:41","7.34","17.8","","","","14A100509"
"8/10/2018 16:57:46","7.41","17.8","","","","14A100509"
"8/10/2018 16:57:51","7.37","17.8","","","","14A100509"
"8/10/2018 16:57:56","7.34","17.8","","","","14A100509"
"8/10/2018 16:58:01","7.37","17.8","","","","14A100509"
"8/10/2018 16:58:06","7.37","17.8","","","","14A100509"
"8/10/2018 16:58:11","7.32","17.8","","","","14A100509"
"8/10/2018 16:58:16","7.38","17.8","","","","14A100509"
"8/10/2018 16:58:21","7.37","17.8","","","","14A100509"
"8/10/2018 16:58:26","7.35","17.8","","","","14A100509"
"8/10/2018 16:58:31","7.39","17.8","","","","14A100509"
"8/10/2018 16:58:36","7.36","17.8","","","","14A100509"
"8/10/2018 16:58:41","7.48","17.8","","","","14A100509"
"8/10/2018 16:58:46","7.48","17.8","","","","14A100509"
"8/10/2018 16:58:51","7.41","17.8","","","","14A100509"
"8/10/2018 16:58:57","7.43","17.8","","","","14A100509"
"8/10/2018 16:59:02","7.33","17.8","","","","14A100509"
"8/10/2018 16:59:07","7.45","17.8","","","","14A100509"
"8/10/2018 16:59:12","7.44","17.8","","","","14A100509"
"8/10/2018 16:59:17","7.45","17.8","","","","14A100509"
"8/10/2018 16:59:22","7.38","17.8","","","","14A100509"
"8/10/2018 16:59:27","7.38","17.8","","","","14A100509"
"8/10/2018 16:59:32","7.44","17.8","","","","14A100509"
"8/10/2018 16:59:37","7.34","17.8","","","","14A100509"
"8/10/2018 16:59:42","7.38","17.8","","","","14A100509"
"8/10/2018 16:59:47","7.5","17.8","","","","14A100509"
"8/10/2018 16:59:52","7.43","17.8","","","","14A100509"
"8/10/2018 16:59:57","7.45","17.8","","","","14A100509"
"8/10/2018 17:00:02","7.5","17.8","","","","14A100509"
"8/10/2018 17:00:07","7.44","17.8","","","","14A100509"
"8/10/2018 17:00:12","7.49","17.8","","","","14A100509"
"8/10/2018 17:00:17","7.49","17.8","","","","14A100509"
"8/10/2018 17:00:22","7.48","17.8","","","","14A100509"
"8/10/2018 17:00:27","7.48","17.8","","","","14A100509"
"8/10/2018 17:00:32","7.52","17.8","","","","14A100509"
"8/10/2018 17:00:37","7.44","17.8","","","","14A100509"
"8/10/2018 17:00:42","7.48","17.8","","","","14A100509"
"8/10/2018 17:00:47","7.51","17.8","","","","14A100509"
"8/10/2018 17:00:52","7.5","17.8","","","","14A100509"
"8/10/2018 17:00:57","7.48","17.8","","","","14A100509"
"8/10/2018 17:01:02","7.51","17.8","","","","14A100509"
"8/10/2018 17:01:07","7.51","17.8","","","","14A100509"
"8/10/2018 17:01:12","7.46","17.8","","","","14A100509"
"8/10/2018 17:01:17","7.55","17.8","","","","14A100509"
"8/10/2018 17:01:22","7.53","17.8","","","","14A100509"
"8/10/2018 17:01:27","7.52","17.8","","","","14A100509"
"8/10/2018 17:01:32","7.53","17.8","","","","14A100509"
"8/10/2018 17:01:38","7.56","17.8","","","","14A100509"
"8/10/2018 17:01:43","7.55","17.8","","","","14A100509"
"8/10/2018 17:01:48","7.49","17.8","","","","14A100509"
"8/10/2018 17:01:53","7.56","17.8","","","","14A100509"
"8/10/2018 17:01:58","7.53","17.8","","","","14A100509"
"8/10/2018 17:02:03","7.55","17.8","","","","14A100509"
"8/10/2018 17:02:08","7.52","17.8","","","","14A100509"
"8/10/2018 17:02:13","7.61","17.8","","","","14A100509"
"8/10/2018 17:02:18","7.59","17.8","","","","14A100509"
"8/10/2018 17:02:23","7.61","17.8","","","","14A100509"
"8/10/2018 17:02:28","7.51","17.8","","","","14A100509"
"8/10/2018 17:02:33","7.56","17.8","","","","14A100509"
"8/10/2018 17:02:38","7.58","17.8","","","","14A100509"
"8/10/2018 17:02:43","7.61","17.8","","","","14A100509"
"8/10/2018 17:02:48","7.56","17.8","","","","14A100509"
"8/10/2018 17:02:53","7.54","17.8","","","","14A100509"
"8/10/2018 17:02:58","7.54","17.8","","","","14A100509"
"8/10/2018 17:03:03","7.61","17.8","","","","14A100509"
"8/10/2018 17:03:08","7.61","17.8","","","","14A100509"
"8/10/2018 17:03:13","7.64","17.8","","","","14A100509"
"8/10/2018 17:03:18","7.6","17.8","","","","14A100509"
"8/10/2018 17:03:23","7.61","17.8","","","","14A100509"
"8/10/2018 17:03:28","7.6","17.8","","","","14A100509"
"8/10/2018 17:03:33","7.59","17.8","","","","14A100509"
"8/10/2018 17:03:38","7.6","17.8","","","","14A100509"
"8/10/2018 17:03:43","7.64","17.8","","","","14A100509"
"8/10/2018 17:03:48","7.67","17.8","","","","14A100509"
"8/10/2018 17:03:53","7.62","17.8","","","","14A100509"
"8/10/2018 17:03:58","7.68","17.8","","","","14A100509"
"8/10/2018 17:04:03","7.67","17.8","","","","14A100509"
"8/10/2018 17:04:08","7.67","17.8","","","","14A100509"
"8/10/2018 17:04:13","7.64","17.8","","","","14A100509"
"8/10/2018 17:04:18","7.61","17.8","","","","14A100509"
"8/10/2018 17:04:24","7.63","17.8","","","","14A100509"
"8/10/2018 17:04:29","7.57","17.8","","","","14A100509"
"8/10/2018 17:04:34","7.71","17.8","","","","14A100509"
"8/10/2018 17:04:39","7.75","17.8","","","","14A100509"
"8/10/2018 17:04:44","7.71","17.8","","","","14A100509"
"8/10/2018 17:04:49","7.66","17.8","","","","14A100509"
"8/10/2018 17:04:54","7.66","17.8","","","","14A100509"
"8/10/2018 17:04:59","7.66","17.8","","","","14A100509"
"8/10/2018 17:05:04","7.68","17.8","","","","14A100509"
"8/10/2018 17:05:09","7.67","17.8","","","","14A100509"
"8/10/2018 17:05:14","7.69","17.8","","","","14A100509"
"8/10/2018 17:05:19","7.76","17.8","","","","14A100509"
"8/10/2018 17:05:24","7.74","17.8","","","","14A100509"
"8/10/2018 17:05:29","7.67","17.8","","","","14A100509"
"8/10/2018 17:05:34","7.72","17.8","","","","14A100509"
"8/10/2018 17:05:39","7.74","17.8","","","","14A100509"
"8/10/2018 17:05:44","7.78","17.8","","","","14A100509"
"8/10/2018 17:05:49","7.7","17.8","","","","14A100509"
"8/10/2018 17:05:54","7.75","17.8","","","","14A100509"
"8/10/2018 17:05:59","7.69","17.8","","","","14A100509"
"8/10/2018 17:06:04","7.79","17.8","","","","14A100509"
"8/10/2018 17:06:09","7.73","17.8","","","","14A100509"
"8/10/2018 17:06:14","7.78","17.8","","","","14A100509"
"8/10/2018 17:06:19","7.8","17.8","","","","14A100509"
"8/10/2018 17:06:24","7.86","17.8","","","","14A100509"
"8/10/2018 17:06:29","7.78","17.8","","","","14A100509"
"8/10/2018 17:06:34","7.78","17.8","","","","14A100509"
"8/10/2018 17:06:39","7.79","17.8","","","","14A100509"
"8/10/2018 17:06:44","7.78","17.8","","","","14A100509"
"8/10/2018 17:06:49","7.81","17.8","","","","14A100509"
"8/10/2018 17:06:54","7.75","17.8","","","","14A100509"
"8/10/2018 17:06:59","7.82","17.8","","","","14A100509"
"8/10/2018 17:07:04","7.79","17.8","","","","14A100509"
"8/10/2018 17:07:09","7.78","17.8","","","","14A100509"
"8/10/2018 17:07:15","7.71","17.8","","","","14A100509"
"8/10/2018 17:07:20","7.83","17.8","","","","14A100509"
"8/10/2018 17:07:25","7.79","17.8","","","","14A100509"
"8/10/2018 17:07:30","7.84","17.8","","","","14A100509"
"8/10/2018 17:07:35","7.87","17.8","","","","14A100509"
"8/10/2018 17:07:40","7.81","17.8","","","","14A100509"
"8/10/2018 17:07:45","7.78","17.8","","","","14A100509"
"8/10/2018 17:07:50","7.83","17.8","","","","14A100509"
"8/10/2018 17:07:55","7.83","17.8","","","","14A100509"
"8/10/2018 17:08:00","7.82","17.8","","","","14A100509"
"8/10/2018 17:08:05","7.81","17.8","","","","14A100509"
"8/10/2018 17:08:10","7.82","17.8","","","","14A100509"
"8/10/2018 17:08:15","7.94","17.8","","","","14A100509"
"8/10/2018 17:08:20","7.82","17.8","","","","14A100509"
"8/10/2018 17:08:25","7.75","17.8","","","","14A100509"
"8/10/2018 17:08:30","7.88","17.8","","","","14A100509"
"8/10/2018 17:08:35","7.87","17.8","","","","14A100509"
"8/10/2018 17:08:40","7.91","17.8","","","","14A100509"
"8/10/2018 17:08:45","7.87","17.8","","","","14A100509"
"8/10/2018 17:08:50","7.9","17.8","","","","14A100509"
"8/10/2018 17:08:55","7.86","17.8","","","","14A100509"
"8/10/2018 17:09:00","7.85","17.8","","","","14A100509"
"8/10/2018 17:09:05","7.9","17.8","","","","14A100509"
"8/10/2018 17:09:10","7.86","17.8","","","","14A100509"
"8/10/2018 17:09:15","7.93","17.8","","","","14A100509"
"8/10/2018 17:09:20","7.97","17.8","","","","14A100509"
"8/10/2018 17:09:25","7.88","17.8","","","","14A100509"
"8/10/2018 17:09:30","7.86","17.8","","","","14A100509"
"8/10/2018 17:09:35","7.92","17.8","","","","14A100509"
"8/10/2018 17:09:40","7.9","17.8","","","","14A100509"
"8/10/2018 17:09:46","7.99","17.8","","","","14A100509"
"8/10/2018 17:09:51","7.92","17.8","","","","14A100509"
"8/10/2018 17:09:56","7.93","17.8","","","","14A100509"
"8/10/2018 17:10:01","7.95","17.8","","","","14A100509"
"8/10/2018 17:10:06","7.9","17.8","","","","14A100509"
"8/10/2018 17:10:11","7.98","17.8","","","","14A100509"
"8/10/2018 17:10:16","7.94","17.8","","","","14A100509"
"8/10/2018 17:10:21","7.93","17.8","","","","14A100509"
"8/10/2018 17:10:26","7.92","17.8","","","","14A100509"
"8/10/2018 17:10:31","8","17.8","","","","14A100509"
"8/10/2018 17:10:36","7.94","17.8","","","","14A100509"
"8/10/2018 17:10:41","7.95","17.8","","","","14A100509"
"8/10/2018 17:10:46","8.02","17.8","","","","14A100509"
"8/10/2018 17:10:51","7.94","17.8","","","","14A100509"
"8/10/2018 17:10:56","7.98","17.8","","","","14A100509"
"8/10/2018 17:11:01","7.94","17.8","","","","14A100509"
"8/10/2018 17:11:06","8.01","17.8","","","","14A100509"
"8/10/2018 17:11:11","7.94","17.8","","","","14A100509"
"8/10/2018 17:11:16","7.94","17.8","","","","14A100509"
"8/10/2018 17:11:21","7.96","17.8","","","","14A100509"
"8/10/2018 17:11:26","7.99","17.8","","","","14A100509"
"8/10/2018 17:11:31","8.08","17.8","","","","14A100509"
"8/10/2018 17:11:36","7.99","17.8","","","","14A100509"
"8/10/2018 17:11:41","8.02","17.8","","","","14A100509"
"8/10/2018 17:11:46","8.03","17.8","","","","14A100509"
"8/10/2018 17:11:51","7.98","17.8","","","","14A100509"
"8/10/2018 17:11:56","7.95","17.8","","","","14A100509"
"8/10/2018 17:12:01","8.05","17.8","","","","14A100509"
"8/10/2018 17:12:06","8.03","17.8","","","","14A100509"
"8/10/2018 17:12:11","8.02","17.8","","","","14A100509"
"8/10/2018 17:12:16","8.03","17.8","","","","14A100509"
"8/10/2018 17:12:21","8.11","17.8","","","","14A100509"
"8/10/2018 17:12:27","8.1","17.8","","","","14A100509"
"8/10/2018 17:12:32","8.06","17.8","","","","14A100509"
"8/10/2018 17:12:37","8.06","17.8","","","","14A100509"
"8/10/2018 17:12:42","8.01","17.8","","","","14A100509"
"8/10/2018 17:12:47","8.04","17.8","","","","14A100509"
"8/10/2018 17:12:52","8.07","17.8","","","","14A100509"
"8/10/2018 17:12:57","8.07","17.8","","","","14A100509"
"8/10/2018 17:13:02","8.07","17.8","","","","14A100509"
"8/10/2018 17:13:07","8.09","17.8","","","","14A100509"
"8/10/2018 17:13:12","8.07","17.8","","","","14A100509"
"8/10/2018 17:13:17","8.05","17.8","","","","14A100509"
"8/10/2018 17:13:22","8.09","17.8","","","","14A100509"
"8/10/2018 17:13:27","8.13","17.8","","","","14A100509"
"8/10/2018 17:13:32","8.14","17.8","","","","14A100509"
"8/10/2018 17:13:37","8.11","17.8","","","","14A100509"
"8/10/2018 17:13:42","8.15","17.8","","","","14A100509"
"8/10/2018 17:13:47","8.1","17.8","","","","14A100509"
"8/10/2018 17:13:52","8.07","17.8","","","","14A100509"
"8/10/2018 17:13:57","8.13","17.8","","","","14A100509"
"8/10/2018 17:14:02","8.21","17.8","","","","14A100509"
"8/10/2018 17:14:07","8.14","17.8","","","","14A100509"
"8/10/2018 17:14:12","8.15","17.8","","","","14A100509"
"8/10/2018 17:14:17","8.16","17.8","","","","14A100509"
"8/10/2018 17:14:22","8.1","17.8","","","","14A100509"
"8/10/2018 17:14:27","8.1","17.8","","","","14A100509"
"8/10/2018 17:14:32","8.21","17.8","","","","14A100509"
"8/10/2018 17:14:37","8.09","17.8","","","","14A100509"
"8/10/2018 17:14:42","8.16","17.8","","","","14A100509"
"8/10/2018 17:14:47","8.2","17.8","","","","14A100509"
"8/10/2018 17:14:52","8.22","17.8","","","","14A100509"
"8/10/2018 17:14:57","8.25","17.8","","","","14A100509"
"8/10/2018 17:15:03","8.15","17.8","","","","14A100509"
"8/10/2018 17:15:08","8.15","17.8","","","","14A100509"
"8/10/2018 17:15:13","8.18","17.8","","","","14A100509"
"8/10/2018 17:15:18","8.17","17.8","","","","14A100509"
"8/10/2018 17:15:23","8.23","17.8","","","","14A100509"
"8/10/2018 17:15:28","8.25","17.8","","","","14A100509"
"8/10/2018 17:15:33","8.16","17.8","","","","14A100509"
"8/10/2018 17:15:38","8.2","17.8","","","","14A100509"
"8/10/2018 17:15:43","8.29","17.8","","","","14A100509"
"8/10/2018 17:15:48","8.24","17.8","","","","14A100509"
"8/10/2018 17:15:53","8.27","17.8","","","","14A100509"
"8/10/2018 17:15:58","8.21","17.8","","","","14A100509"
"8/10/2018 17:16:03","8.25","17.8","","","","14A100509"
"8/10/2018 17:16:08","8.23","17.8","","","","14A100509"
"8/10/2018 17:16:13","8.29","17.8","","","","14A100509"
"8/10/2018 17:16:18","8.26","17.8","","","","14A100509"
"8/10/2018 17:16:23","8.29","17.8","","","","14A100509"
"8/10/2018 17:16:28","8.3","17.8","","","","14A100509"
"8/10/2018 17:16:33","8.23","17.8","","","","14A100509"
"8/10/2018 17:16:38","8.31","17.8","","","","14A100509"
"8/10/2018 17:16:43","8.28","17.8","","","","14A100509"
"8/10/2018 17:16:48","8.28","17.8","","","","14A100509"
"8/10/2018 17:16:53","8.24","17.8","","","","14A100509"
"8/10/2018 17:16:58","8.26","17.8","","","","14A100509"
"8/10/2018 17:17:03","8.34","17.8","","","","14A100509"
"8/10/2018 17:17:08","8.3","17.8","","","","14A100509"
"8/10/2018 17:17:14","8.34","17.8","","","","14A100509"
"8/10/2018 17:17:19","8.4","17.8","","","","14A100509"
"8/10/2018 17:17:24","8.3","17.8","","","","14A100509"
"8/10/2018 17:17:29","8.4","17.8","","","","14A100509"
"8/10/2018 17:17:34","8.34","17.8","","","","14A100509"
"8/10/2018 17:17:39","8.37","17.8","","","","14A100509"
"8/10/2018 17:17:44","8.33","17.8","","","","14A100509"
"8/10/2018 17:17:49","8.32","17.8","","","","14A100509"
"8/10/2018 17:17:54","8.41","17.8","","","","14A100509"
"8/10/2018 17:17:59","8.3","17.8","","","","14A100509"
"8/10/2018 17:18:04","8.39","17.8","","","","14A100509"
"8/10/2018 17:18:09","8.42","17.8","","","","14A100509"
"8/10/2018 17:18:14","8.37","17.8","","","","14A100509"
"8/10/2018 17:18:19","8.41","17.8","","","","14A100509"
"8/10/2018 17:18:24","8.41","17.8","","","","14A100509"
"8/10/2018 17:18:29","8.37","17.8","","","","14A100509"
"8/10/2018 17:18:34","8.41","17.8","","","","14A100509"
"8/10/2018 17:18:39","8.44","17.8","","","","14A100509"
"8/10/2018 17:18:44","8.43","17.8","","","","14A100509"
"8/10/2018 17:18:49","8.38","17.8","","","","14A100509"
"8/10/2018 17:18:54","8.45","17.8","","","","14A100509"
"8/10/2018 17:18:59","8.41","17.8","","","","14A100509"
"8/10/2018 17:19:04","8.42","17.8","","","","14A100509"
"8/10/2018 17:19:09","8.42","17.8","","","","14A100509"
"8/10/2018 17:19:14","8.34","17.8","","","","14A100509"
"8/10/2018 17:19:19","8.38","17.8","","","","14A100509"
"8/10/2018 17:19:24","8.49","17.8","","","","14A100509"
"8/10/2018 17:19:29","8.52","17.8","","","","14A100509"
"8/10/2018 17:19:35","8.46","17.8","","","","14A100509"
"8/10/2018 17:19:40","8.47","17.8","","","","14A100509"
"8/10/2018 17:19:45","8.48","17.8","","","","14A100509"
"8/10/2018 17:19:50","8.47","17.8","","","","14A100509"
"8/10/2018 17:19:55","8.47","17.8","","","","14A100509"
"8/10/2018 17:20:00","8.5","17.8","","","","14A100509"
"8/10/2018 17:20:05","8.51","17.8","","","","14A100509"
"8/10/2018 17:20:10","8.45","17.8","","","","14A100509"
"8/10/2018 17:20:15","8.51","17.8","","","","14A100509"
"8/10/2018 17:20:20","8.5","17.8","","","","14A100509"
"8/10/2018 17:20:25","8.54","17.8","","","","14A100509"
"8/10/2018 17:20:30","8.53","17.8","","","","14A100509"
"8/10/2018 17:20:35","8.5","17.8","","","","14A100509"
"8/10/2018 17:20:40","8.53","17.8","","","","14A100509"
"8/10/2018 17:20:45","8.52","17.8","","","","14A100509"
"8/10/2018 17:20:50","8.6","17.8","","","","14A100509"
"8/10/2018 17:20:55","8.63","17.8","","","","14A100509"
"8/10/2018 17:21:00","8.51","17.8","","","","14A100509"
"8/10/2018 17:21:05","8.55","17.8","","","","14A100509"
"8/10/2018 17:21:10","8.6","17.8","","","","14A100509"
"8/10/2018 17:21:15","8.65","17.8","","","","14A100509"
"8/10/2018 17:21:20","8.56","17.8","","","","14A100509"
"8/10/2018 17:21:25","8.65","17.8","","","","14A100509"
"8/10/2018 17:21:30","8.65","17.8","","","","14A100509"
"8/10/2018 17:21:35","8.62","17.8","","","","14A100509"
"8/10/2018 17:21:40","8.65","17.8","","","","14A100509"
"8/10/2018 17:21:45","8.61","17.8","","","","14A100509"
"8/10/2018 17:21:51","8.55","17.8","","","","14A100509"
"8/10/2018 17:21:56","8.58","17.8","","","","14A100509"
"8/10/2018 17:22:01","8.58","17.8","","","","14A100509"
"8/10/2018 17:22:06","8.63","17.8","","","","14A100509"
"8/10/2018 17:22:11","8.65","17.8","","","","14A100509"
"8/10/2018 17:22:16","8.63","17.8","","","","14A100509"
"8/10/2018 17:22:21","8.66","17.8","","","","14A100509"
"8/10/2018 17:22:26","8.67","17.8","","","","14A100509"
"8/10/2018 17:22:31","8.69","17.8","","","","14A100509"
"8/10/2018 17:22:36","8.65","17.8","","","","14A100509"
"8/10/2018 17:22:41","8.67","17.8","","","","14A100509"
"8/10/2018 17:22:46","8.66","17.8","","","","14A100509"
"8/10/2018 17:22:51","8.76","17.8","","","","14A100509"
"8/10/2018 17:22:56","8.71","17.8","","","","14A100509"
"8/10/2018 17:23:01","8.63","17.8","","","","14A100509"
"8/10/2018 17:23:06","8.7","17.8","","","","14A100509"
"8/10/2018 17:23:11","8.69","17.8","","","","14A100509"
"8/10/2018 17:23:16","8.66","17.8","","","","14A100509"
"8/10/2018 17:23:21","8.64","17.8","","","","14A100509"
"8/10/2018 17:23:26","8.56","17.8","","","","14A100509"
"8/10/2018 17:23:31","8.73","17.8","","","","14A100509"
"8/10/2018 17:23:36","8.73","17.8","","","","14A100509"
"8/10/2018 17:23:41","8.77","17.8","","","","14A100509"
"8/10/2018 17:23:46","8.8","17.8","","","","14A100509"
"8/10/2018 17:23:51","8.78","17.8","","","","14A100509"
"8/10/2018 17:23:56","8.65","17.8","","","","14A100509"
"8/10/2018 17:24:01","8.7","17.8","","","","14A100509"
"8/10/2018 17:24:06","8.7","17.8","","","","14A100509"
"8/10/2018 17:24:11","8.73","17.8","","","","14A100509"
"8/10/2018 17:24:16","8.75","17.8","","","","14A100509"
"8/10/2018 17:24:22","8.67","17.8","","","","14A100509"
"8/10/2018 17:24:27","8.8","17.8","","","","14A100509"
"8/10/2018 17:24:32","8.81","17.8","","","","14A100509"
"8/10/2018 17:24:37","8.82","17.8","","","","14A100509"
"8/10/2018 17:24:42","8.84","17.8","","","","14A100509"
"8/10/2018 17:24:47","8.86","17.8","","","","14A100509"
"8/10/2018 17:24:52","8.71","17.8","","","","14A100509"
"8/10/2018 17:24:57","8.67","17.8","","","","14A100509"
"8/10/2018 17:25:02","8.79","17.8","","","","14A100509"
"8/10/2018 17:25:07","8.87","17.8","","","","14A100509"
"8/10/2018 17:25:12","8.82","17.8","","","","14A100509"
"8/10/2018 17:25:17","8.88","17.8","","","","14A100509"
"8/10/2018 17:25:22","8.87","17.8","","","","14A100509"
"8/10/2018 17:25:27","8.82","17.8","","","","14A100509"
"8/10/2018 17:25:32","8.81","17.8","","","","14A100509"
"8/10/2018 17:25:37","8.95","17.8","","","","14A100509"
"8/10/2018 17:25:42","8.84","17.8","","","","14A100509"
"8/10/2018 17:25:47","8.78","17.8","","","","14A100509"
"8/10/2018 17:25:52","8.87","17.8","","","","14A100509"
"8/10/2018 17:25:57","8.86","17.8","","","","14A100509"
"8/10/2018 17:26:02","9.01","17.8","","","","14A100509"
"8/10/2018 17:26:07","8.95","17.8","","","","14A100509"
"8/10/2018 17:26:12","8.94","17.8","","","","14A100509"
"8/10/2018 17:26:17","8.89","17.8","","","","14A100509"
"8/10/2018 17:26:22","8.87","17.8","","","","14A100509"
"8/10/2018 17:26:27","8.93","17.8","","","","14A100509"
"8/10/2018 17:26:32","8.96","17.8","","","","14A100509"
"8/10/2018 17:26:38","9.03","17.8","","","","14A100509"
"8/10/2018 17:26:43","9.02","17.8","","","","14A100509"
"8/10/2018 17:26:48","9.02","17.8","","","","14A100509"
"8/10/2018 17:26:53","8.98","17.8","","","","14A100509"
"8/10/2018 17:26:58","8.98","17.8","","","","14A100509"
"8/10/2018 17:27:03","8.98","17.8","","","","14A100509"
"8/10/2018 17:27:08","8.95","17.8","","","","14A100509"
"8/10/2018 17:27:13","8.99","17.8","","","","14A100509"
"8/10/2018 17:27:18","8.96","17.8","","","","14A100509"
"8/10/2018 17:27:23","8.9","17.8","","","","14A100509"
"8/10/2018 17:27:28","9.02","17.8","","","","14A100509"
"8/10/2018 17:27:33","9.03","17.8","","","","14A100509"
"8/10/2018 17:27:38","9.04","17.8","","","","14A100509"
"8/10/2018 17:27:43","8.96","17.8","","","","14A100509"
"8/10/2018 17:27:48","9.06","17.8","","","","14A100509"
"8/10/2018 17:27:53","9.11","17.8","","","","14A100509"
"8/10/2018 17:27:58","9.07","17.8","","","","14A100509"
"8/10/2018 17:28:03","9.06","17.8","","","","14A100509"
"8/10/2018 17:28:08","9.11","17.8","","","","14A100509"
"8/10/2018 17:28:13","9.18","17.8","","","","14A100509"
"8/10/2018 17:28:18","9.11","17.8","","","","14A100509"
"8/10/2018 17:28:23","9.12","17.8","","","","14A100509"
"8/10/2018 17:28:28","9.16","17.8","","","","14A100509"
"8/10/2018 17:28:33","9.03","17.8","","","","14A100509"
"8/10/2018 17:28:39","9.14","17.8","","","","14A100509"
"8/10/2018 17:28:44","9.13","17.8","","","","14A100509"
"8/10/2018 17:28:49","9.2","17.8","","","","14A100509"
"8/10/2018 17:28:54","9.15","17.8","","","","14A100509"
"8/10/2018 17:28:59","9.1","17.8","","","","14A100509"
"8/10/2018 17:29:04","9.18","17.8","","","","14A100509"
"8/10/2018 17:29:09","9.17","17.8","","","","14A100509"
"8/10/2018 17:29:14","9.14","17.8","","","","14A100509"
"8/10/2018 17:29:19","9.17","17.8","","","","14A100509"
"8/10/2018 17:29:24","9.18","17.8","","","","14A100509"
"8/10/2018 17:29:29","9.18","17.8","","","","14A100509"
"8/10/2018 17:29:34","9.23","17.8","","","","14A100509"
"8/10/2018 17:29:39","9.23","17.8","","","","14A100509"
"8/10/2018 17:29:44","9.24","17.8","","","","14A100509"
"8/10/2018 17:29:49","9.13","17.8","","","","14A100509"
"8/10/2018 17:29:54","9.16","17.8","","","","14A100509"
"8/10/2018 17:29:59","9.25","17.8","","","","14A100509"
"8/10/2018 17:30:04","9.19","17.8","","","","14A100509"
"8/10/2018 17:30:09","9.24","17.8","","","","14A100509"
"8/10/2018 17:30:14","9.13","17.8","","","","14A100509"
"8/10/2018 17:30:19","9.23","17.8","","","","14A100509"
"8/10/2018 17:30:24","9.31","17.8","","","","14A100509"
"8/10/2018 17:30:29","9.22","17.8","","","","14A100509"
"8/10/2018 17:30:34","9.31","17.8","","","","14A100509"
"8/10/2018 17:30:40","9.24","17.8","","","","14A100509"
"8/10/2018 17:30:45","9.31","17.8","","","","14A100509"
"8/10/2018 17:30:50","9.24","17.8","","","","14A100509"
"8/10/2018 17:30:55","9.26","17.8","","","","14A100509"
"8/10/2018 17:31:00","9.31","17.8","","","","14A100509"
"8/10/2018 17:31:05","9.31","17.8","","","","14A100509"
"8/10/2018 17:31:10","9.35","17.8","","","","14A100509"
"8/10/2018 17:31:15","9.22","17.8","","","","14A100509"
"8/10/2018 17:31:20","9.29","17.8","","","","14A100509"
"8/10/2018 17:31:25","9.34","17.8","","","","14A100509"
"8/10/2018 17:31:30","9.29","17.8","","","","14A100509"
"8/10/2018 17:31:35","9.36","17.8","","","","14A100509"
"8/10/2018 17:31:40","9.38","17.8","","","","14A100509"
"8/10/2018 17:31:45","9.34","17.8","","","","14A100509"
"8/10/2018 17:31:50","9.4","17.8","","","","14A100509"
"8/10/2018 17:31:55","9.36","17.8","","","","14A100509"
"8/10/2018 17:32:00","9.36","17.8","","","","14A100509"
"8/10/2018 17:32:05","9.35","17.8","","","","14A100509"
"8/10/2018 17:32:10","9.43","17.8","","","","14A100509"
"8/10/2018 17:32:15","9.45","17.8","","","","14A100509"
"8/10/2018 17:32:20","9.39","17.8","","","","14A100509"
"8/10/2018 17:32:25","9.42","17.8","","","","14A100509"
"8/10/2018 17:32:30","9.38","17.8","","","","14A100509"
"8/10/2018 17:32:35","9.39","17.8","","","","14A100509"
"8/10/2018 17:32:40","9.41","17.8","","","","14A100509"
"8/10/2018 17:32:45","9.37","17.8","","","","14A100509"
"8/10/2018 17:32:50","9.41","17.8","","","","14A100509"
"8/10/2018 17:32:55","9.45","17.8","","","","14A100509"
"8/10/2018 17:33:00","9.42","17.8","","","","14A100509"
"8/10/2018 17:33:05","9.47","17.8","","","","14A100509"
"8/10/2018 17:33:10","9.41","17.8","","","","14A100509"
"8/10/2018 17:33:15","9.49","17.8","","","","14A100509"
